"","ResourceSpeciesID","ConsumerSpeciesID","Type"
"1",1,2,"Feeding"
"2",1,3,"Feeding"
"3",1,22,"Feeding"
"4",1,30,"Feeding"
"5",1,31,"Feeding"
"6",1,32,"Feeding"
"7",1,33,"Feeding"
"8",1,34,"Feeding"
"9",1,35,"Feeding"
"10",1,36,"Feeding"
"11",1,37,"Feeding"
"12",1,38,"Feeding"
"13",1,65,"Feeding"
"14",1,66,"Feeding"
"15",1,67,"Feeding"
"16",1,68,"Feeding"
"17",1,69,"Feeding"
"18",1,70,"Feeding"
"19",1,71,"Feeding"
"20",1,72,"Feeding"
"21",1,95,"Feeding"
"22",1,96,"Feeding"
"23",1,97,"Feeding"
"24",1,98,"Feeding"
"25",1,99,"Feeding"
"26",1,100,"Feeding"
"27",1,101,"Feeding"
"28",1,102,"Feeding"
"29",1,103,"Feeding"
"30",1,104,"Feeding"
"31",1,105,"Feeding"
"32",1,106,"Feeding"
"33",1,107,"Feeding"
"34",1,108,"Feeding"
"35",1,109,"Feeding"
"37",2,3,"Feeding"
"38",2,30,"Feeding"
"39",2,31,"Feeding"
"40",2,32,"Feeding"
"41",2,33,"Feeding"
"42",2,34,"Feeding"
"43",2,35,"Feeding"
"44",2,36,"Feeding"
"45",2,37,"Feeding"
"46",2,38,"Feeding"
"47",2,65,"Feeding"
"48",2,66,"Feeding"
"49",2,67,"Feeding"
"50",2,68,"Feeding"
"51",2,69,"Feeding"
"52",2,70,"Feeding"
"53",2,71,"Feeding"
"54",2,72,"Feeding"
"55",2,95,"Feeding"
"56",2,96,"Feeding"
"57",2,97,"Feeding"
"58",2,98,"Feeding"
"59",2,99,"Feeding"
"60",2,100,"Feeding"
"61",2,101,"Feeding"
"62",2,102,"Feeding"
"63",2,103,"Feeding"
"64",2,104,"Feeding"
"65",2,105,"Feeding"
"66",2,106,"Feeding"
"67",2,107,"Feeding"
"68",2,108,"Feeding"
"69",2,109,"Feeding"
"71",3,22,"Feeding"
"72",3,30,"Feeding"
"73",3,41,"Feeding"
"74",3,42,"Feeding"
"75",3,43,"Feeding"
"76",3,54,"Feeding"
"77",3,55,"Feeding"
"78",3,56,"Feeding"
"79",3,57,"Feeding"
"80",3,58,"Feeding"
"81",3,59,"Feeding"
"82",3,60,"Feeding"
"83",3,61,"Feeding"
"84",3,62,"Feeding"
"85",3,63,"Feeding"
"86",3,65,"Feeding"
"87",3,66,"Feeding"
"88",3,67,"Feeding"
"89",3,68,"Feeding"
"90",3,69,"Feeding"
"91",3,70,"Feeding"
"92",3,71,"Feeding"
"93",3,72,"Feeding"
"94",3,95,"Feeding"
"95",3,96,"Feeding"
"96",3,97,"Feeding"
"97",3,98,"Feeding"
"98",3,99,"Feeding"
"99",3,100,"Feeding"
"100",3,101,"Feeding"
"101",3,102,"Feeding"
"102",3,103,"Feeding"
"103",3,104,"Feeding"
"104",3,105,"Feeding"
"105",3,106,"Feeding"
"106",3,107,"Feeding"
"107",3,108,"Feeding"
"108",3,109,"Feeding"
"109",4,5,"Feeding"
"110",4,17,"Feeding"
"111",4,18,"Feeding"
"112",4,19,"Feeding"
"113",4,20,"Feeding"
"114",4,21,"Feeding"
"115",4,112,"Feeding"
"116",4,113,"Feeding"
"117",4,114,"Feeding"
"118",4,115,"Feeding"
"119",4,116,"Feeding"
"121",5,17,"Feeding"
"122",5,18,"Feeding"
"123",5,19,"Feeding"
"124",5,20,"Feeding"
"125",5,21,"Feeding"
"126",5,112,"Feeding"
"127",5,113,"Feeding"
"128",5,114,"Feeding"
"129",5,115,"Feeding"
"130",5,116,"Feeding"
"131",6,24,"Feeding"
"132",6,25,"Feeding"
"133",6,41,"Feeding"
"134",6,42,"Feeding"
"135",6,43,"Feeding"
"136",6,46,"Feeding"
"137",6,52,"Feeding"
"138",6,53,"Feeding"
"139",6,54,"Feeding"
"140",6,55,"Feeding"
"141",6,56,"Feeding"
"142",6,57,"Feeding"
"143",6,58,"Feeding"
"144",6,59,"Feeding"
"145",6,60,"Feeding"
"146",6,61,"Feeding"
"147",6,62,"Feeding"
"148",6,63,"Feeding"
"149",6,64,"Feeding"
"150",6,105,"Feeding"
"151",6,106,"Feeding"
"152",6,107,"Feeding"
"153",6,108,"Feeding"
"154",6,109,"Feeding"
"155",7,24,"Feeding"
"156",7,25,"Feeding"
"157",7,41,"Feeding"
"158",7,42,"Feeding"
"159",7,43,"Feeding"
"160",7,46,"Feeding"
"161",7,52,"Feeding"
"162",7,53,"Feeding"
"163",7,54,"Feeding"
"164",7,55,"Feeding"
"165",7,56,"Feeding"
"166",7,57,"Feeding"
"167",7,58,"Feeding"
"168",7,59,"Feeding"
"169",7,60,"Feeding"
"170",7,61,"Feeding"
"171",7,62,"Feeding"
"172",7,63,"Feeding"
"173",7,64,"Feeding"
"174",7,105,"Feeding"
"175",7,106,"Feeding"
"176",7,107,"Feeding"
"177",7,108,"Feeding"
"178",7,109,"Feeding"
"179",8,24,"Feeding"
"180",8,25,"Feeding"
"181",8,41,"Feeding"
"182",8,42,"Feeding"
"183",8,43,"Feeding"
"184",8,46,"Feeding"
"185",8,52,"Feeding"
"186",8,53,"Feeding"
"187",8,54,"Feeding"
"188",8,55,"Feeding"
"189",8,56,"Feeding"
"190",8,57,"Feeding"
"191",8,58,"Feeding"
"192",8,59,"Feeding"
"193",8,60,"Feeding"
"194",8,61,"Feeding"
"195",8,62,"Feeding"
"196",8,63,"Feeding"
"197",8,64,"Feeding"
"198",8,105,"Feeding"
"199",8,106,"Feeding"
"200",8,107,"Feeding"
"201",8,108,"Feeding"
"202",8,109,"Feeding"
"203",9,24,"Feeding"
"204",9,25,"Feeding"
"205",9,41,"Feeding"
"206",9,42,"Feeding"
"207",9,43,"Feeding"
"208",9,46,"Feeding"
"209",9,52,"Feeding"
"210",9,53,"Feeding"
"211",9,54,"Feeding"
"212",9,55,"Feeding"
"213",9,56,"Feeding"
"214",9,57,"Feeding"
"215",9,58,"Feeding"
"216",9,59,"Feeding"
"217",9,60,"Feeding"
"218",9,61,"Feeding"
"219",9,62,"Feeding"
"220",9,63,"Feeding"
"221",9,64,"Feeding"
"222",9,105,"Feeding"
"223",9,106,"Feeding"
"224",9,107,"Feeding"
"225",9,108,"Feeding"
"226",9,109,"Feeding"
"227",10,24,"Feeding"
"228",10,25,"Feeding"
"229",10,41,"Feeding"
"230",10,42,"Feeding"
"231",10,43,"Feeding"
"232",10,46,"Feeding"
"233",10,52,"Feeding"
"234",10,53,"Feeding"
"235",10,54,"Feeding"
"236",10,55,"Feeding"
"237",10,56,"Feeding"
"238",10,57,"Feeding"
"239",10,58,"Feeding"
"240",10,59,"Feeding"
"241",10,60,"Feeding"
"242",10,61,"Feeding"
"243",10,62,"Feeding"
"244",10,63,"Feeding"
"245",10,64,"Feeding"
"246",10,105,"Feeding"
"247",10,106,"Feeding"
"248",10,107,"Feeding"
"249",10,108,"Feeding"
"250",10,109,"Feeding"
"251",11,24,"Feeding"
"252",11,25,"Feeding"
"253",11,41,"Feeding"
"254",11,42,"Feeding"
"255",11,43,"Feeding"
"256",11,46,"Feeding"
"257",11,52,"Feeding"
"258",11,53,"Feeding"
"259",11,54,"Feeding"
"260",11,55,"Feeding"
"261",11,56,"Feeding"
"262",11,57,"Feeding"
"263",11,58,"Feeding"
"264",11,59,"Feeding"
"265",11,60,"Feeding"
"266",11,61,"Feeding"
"267",11,62,"Feeding"
"268",11,63,"Feeding"
"269",11,64,"Feeding"
"270",11,105,"Feeding"
"271",11,106,"Feeding"
"272",11,107,"Feeding"
"273",11,108,"Feeding"
"274",11,109,"Feeding"
"275",12,24,"Feeding"
"276",12,25,"Feeding"
"277",12,41,"Feeding"
"278",12,42,"Feeding"
"279",12,43,"Feeding"
"280",12,46,"Feeding"
"281",12,52,"Feeding"
"282",12,53,"Feeding"
"283",12,54,"Feeding"
"284",12,55,"Feeding"
"285",12,56,"Feeding"
"286",12,57,"Feeding"
"287",12,58,"Feeding"
"288",12,59,"Feeding"
"289",12,60,"Feeding"
"290",12,61,"Feeding"
"291",12,62,"Feeding"
"292",12,63,"Feeding"
"293",12,64,"Feeding"
"294",12,105,"Feeding"
"295",12,106,"Feeding"
"296",12,107,"Feeding"
"297",12,108,"Feeding"
"298",12,109,"Feeding"
"299",13,24,"Feeding"
"300",13,25,"Feeding"
"301",13,41,"Feeding"
"302",13,42,"Feeding"
"303",13,43,"Feeding"
"304",13,46,"Feeding"
"305",13,52,"Feeding"
"306",13,53,"Feeding"
"307",13,54,"Feeding"
"308",13,55,"Feeding"
"309",13,56,"Feeding"
"310",13,57,"Feeding"
"311",13,58,"Feeding"
"312",13,59,"Feeding"
"313",13,60,"Feeding"
"314",13,61,"Feeding"
"315",13,62,"Feeding"
"316",13,63,"Feeding"
"317",13,64,"Feeding"
"318",13,105,"Feeding"
"319",13,106,"Feeding"
"320",13,107,"Feeding"
"321",13,108,"Feeding"
"322",13,109,"Feeding"
"323",14,24,"Feeding"
"324",14,25,"Feeding"
"325",14,41,"Feeding"
"326",14,42,"Feeding"
"327",14,43,"Feeding"
"328",14,46,"Feeding"
"329",14,52,"Feeding"
"330",14,53,"Feeding"
"331",14,54,"Feeding"
"332",14,55,"Feeding"
"333",14,56,"Feeding"
"334",14,57,"Feeding"
"335",14,58,"Feeding"
"336",14,59,"Feeding"
"337",14,60,"Feeding"
"338",14,61,"Feeding"
"339",14,62,"Feeding"
"340",14,63,"Feeding"
"341",14,64,"Feeding"
"342",14,105,"Feeding"
"343",14,106,"Feeding"
"344",14,107,"Feeding"
"345",14,108,"Feeding"
"346",14,109,"Feeding"
"347",15,24,"Feeding"
"348",15,25,"Feeding"
"349",15,41,"Feeding"
"350",15,42,"Feeding"
"351",15,43,"Feeding"
"352",15,46,"Feeding"
"353",15,52,"Feeding"
"354",15,53,"Feeding"
"355",15,54,"Feeding"
"356",15,55,"Feeding"
"357",15,56,"Feeding"
"358",15,57,"Feeding"
"359",15,58,"Feeding"
"360",15,59,"Feeding"
"361",15,60,"Feeding"
"362",15,61,"Feeding"
"363",15,62,"Feeding"
"364",15,63,"Feeding"
"365",15,64,"Feeding"
"366",15,105,"Feeding"
"367",15,106,"Feeding"
"368",15,107,"Feeding"
"369",15,108,"Feeding"
"370",15,109,"Feeding"
"371",16,24,"Feeding"
"372",16,25,"Feeding"
"373",16,41,"Feeding"
"374",16,42,"Feeding"
"375",16,43,"Feeding"
"376",16,46,"Feeding"
"377",16,52,"Feeding"
"378",16,53,"Feeding"
"379",16,54,"Feeding"
"380",16,55,"Feeding"
"381",16,56,"Feeding"
"382",16,57,"Feeding"
"383",16,58,"Feeding"
"384",16,59,"Feeding"
"385",16,60,"Feeding"
"386",16,61,"Feeding"
"387",16,62,"Feeding"
"388",16,63,"Feeding"
"389",16,64,"Feeding"
"390",16,105,"Feeding"
"391",16,106,"Feeding"
"392",16,107,"Feeding"
"393",16,108,"Feeding"
"394",16,109,"Feeding"
"395",17,24,"Feeding"
"396",17,25,"Feeding"
"397",17,58,"Feeding"
"398",17,59,"Feeding"
"399",17,105,"Feeding"
"400",17,106,"Feeding"
"401",17,107,"Feeding"
"402",17,108,"Feeding"
"403",17,109,"Feeding"
"404",17,136,"Feeding"
"405",18,24,"Feeding"
"406",18,25,"Feeding"
"407",18,58,"Feeding"
"408",18,59,"Feeding"
"409",18,105,"Feeding"
"410",18,106,"Feeding"
"411",18,107,"Feeding"
"412",18,108,"Feeding"
"413",18,109,"Feeding"
"414",18,136,"Feeding"
"415",19,24,"Feeding"
"416",19,25,"Feeding"
"417",19,58,"Feeding"
"418",19,59,"Feeding"
"419",19,105,"Feeding"
"420",19,106,"Feeding"
"421",19,107,"Feeding"
"422",19,108,"Feeding"
"423",19,109,"Feeding"
"424",19,136,"Feeding"
"425",20,24,"Feeding"
"426",20,25,"Feeding"
"427",20,58,"Feeding"
"428",20,59,"Feeding"
"429",20,105,"Feeding"
"430",20,106,"Feeding"
"431",20,107,"Feeding"
"432",20,108,"Feeding"
"433",20,109,"Feeding"
"434",20,136,"Feeding"
"435",21,24,"Feeding"
"436",21,25,"Feeding"
"437",21,58,"Feeding"
"438",21,59,"Feeding"
"439",21,105,"Feeding"
"440",21,106,"Feeding"
"441",21,107,"Feeding"
"442",21,108,"Feeding"
"443",21,109,"Feeding"
"444",21,136,"Feeding"
"445",22,26,"Feeding"
"446",22,44,"Feeding"
"447",22,45,"Feeding"
"448",22,64,"Feeding"
"449",22,117,"Feeding"
"450",22,118,"Feeding"
"451",22,119,"Feeding"
"452",22,127,"Feeding"
"453",22,128,"Feeding"
"454",22,129,"Feeding"
"455",22,130,"Feeding"
"456",22,131,"Feeding"
"457",22,132,"Feeding"
"458",22,133,"Feeding"
"459",24,26,"Feeding"
"460",24,41,"Feeding"
"461",24,42,"Feeding"
"462",24,43,"Feeding"
"463",24,44,"Feeding"
"464",24,45,"Feeding"
"465",24,58,"Feeding"
"466",24,59,"Feeding"
"467",24,64,"Feeding"
"468",24,117,"Feeding"
"469",24,118,"Feeding"
"470",24,119,"Feeding"
"471",24,130,"Feeding"
"472",24,131,"Feeding"
"473",24,132,"Feeding"
"474",24,133,"Feeding"
"475",25,26,"Feeding"
"476",25,41,"Feeding"
"477",25,42,"Feeding"
"478",25,43,"Feeding"
"479",25,44,"Feeding"
"480",25,45,"Feeding"
"481",25,58,"Feeding"
"482",25,59,"Feeding"
"483",25,64,"Feeding"
"484",25,117,"Feeding"
"485",25,118,"Feeding"
"486",25,119,"Feeding"
"487",25,130,"Feeding"
"488",25,131,"Feeding"
"489",25,132,"Feeding"
"490",25,133,"Feeding"
"491",26,130,"Feeding"
"492",26,131,"Feeding"
"493",26,132,"Feeding"
"494",26,133,"Feeding"
"495",27,24,"Feeding"
"496",27,25,"Feeding"
"497",27,49,"Feeding"
"498",27,50,"Feeding"
"499",27,51,"Feeding"
"500",27,58,"Feeding"
"501",27,59,"Feeding"
"502",27,62,"Feeding"
"503",27,63,"Feeding"
"504",28,24,"Feeding"
"505",28,25,"Feeding"
"506",28,49,"Feeding"
"507",28,50,"Feeding"
"508",28,51,"Feeding"
"509",28,58,"Feeding"
"510",28,59,"Feeding"
"511",28,62,"Feeding"
"512",28,63,"Feeding"
"513",29,24,"Feeding"
"514",29,25,"Feeding"
"515",29,49,"Feeding"
"516",29,50,"Feeding"
"517",29,51,"Feeding"
"518",29,58,"Feeding"
"519",29,59,"Feeding"
"520",29,62,"Feeding"
"521",29,63,"Feeding"
"522",30,52,"Feeding"
"523",30,53,"Feeding"
"524",31,24,"Feeding"
"525",31,25,"Feeding"
"526",31,41,"Feeding"
"527",31,42,"Feeding"
"528",31,43,"Feeding"
"529",31,46,"Feeding"
"530",31,49,"Feeding"
"531",31,50,"Feeding"
"532",31,51,"Feeding"
"533",31,52,"Feeding"
"534",31,53,"Feeding"
"535",31,54,"Feeding"
"536",31,55,"Feeding"
"537",31,56,"Feeding"
"538",31,57,"Feeding"
"539",31,58,"Feeding"
"540",31,59,"Feeding"
"541",31,60,"Feeding"
"542",31,61,"Feeding"
"543",31,62,"Feeding"
"544",31,63,"Feeding"
"545",31,64,"Feeding"
"546",31,105,"Feeding"
"547",31,106,"Feeding"
"548",31,107,"Feeding"
"549",31,108,"Feeding"
"550",31,109,"Feeding"
"551",32,24,"Feeding"
"552",32,25,"Feeding"
"553",32,41,"Feeding"
"554",32,42,"Feeding"
"555",32,43,"Feeding"
"556",32,46,"Feeding"
"557",32,49,"Feeding"
"558",32,50,"Feeding"
"559",32,51,"Feeding"
"560",32,52,"Feeding"
"561",32,53,"Feeding"
"562",32,54,"Feeding"
"563",32,55,"Feeding"
"564",32,56,"Feeding"
"565",32,57,"Feeding"
"566",32,58,"Feeding"
"567",32,59,"Feeding"
"568",32,60,"Feeding"
"569",32,61,"Feeding"
"570",32,62,"Feeding"
"571",32,63,"Feeding"
"572",32,64,"Feeding"
"573",32,105,"Feeding"
"574",32,106,"Feeding"
"575",32,107,"Feeding"
"576",32,108,"Feeding"
"577",32,109,"Feeding"
"578",33,24,"Feeding"
"579",33,25,"Feeding"
"580",33,41,"Feeding"
"581",33,42,"Feeding"
"582",33,43,"Feeding"
"583",33,46,"Feeding"
"584",33,49,"Feeding"
"585",33,50,"Feeding"
"586",33,51,"Feeding"
"587",33,52,"Feeding"
"588",33,53,"Feeding"
"589",33,54,"Feeding"
"590",33,55,"Feeding"
"591",33,56,"Feeding"
"592",33,57,"Feeding"
"593",33,58,"Feeding"
"594",33,59,"Feeding"
"595",33,60,"Feeding"
"596",33,61,"Feeding"
"597",33,62,"Feeding"
"598",33,63,"Feeding"
"599",33,64,"Feeding"
"600",33,105,"Feeding"
"601",33,106,"Feeding"
"602",33,107,"Feeding"
"603",33,108,"Feeding"
"604",33,109,"Feeding"
"605",34,24,"Feeding"
"606",34,25,"Feeding"
"607",34,41,"Feeding"
"608",34,42,"Feeding"
"609",34,43,"Feeding"
"610",34,46,"Feeding"
"611",34,49,"Feeding"
"612",34,50,"Feeding"
"613",34,51,"Feeding"
"614",34,52,"Feeding"
"615",34,53,"Feeding"
"616",34,54,"Feeding"
"617",34,55,"Feeding"
"618",34,56,"Feeding"
"619",34,57,"Feeding"
"620",34,58,"Feeding"
"621",34,59,"Feeding"
"622",34,60,"Feeding"
"623",34,61,"Feeding"
"624",34,62,"Feeding"
"625",34,63,"Feeding"
"626",34,64,"Feeding"
"627",34,105,"Feeding"
"628",34,106,"Feeding"
"629",34,107,"Feeding"
"630",34,108,"Feeding"
"631",34,109,"Feeding"
"632",35,24,"Feeding"
"633",35,25,"Feeding"
"634",35,41,"Feeding"
"635",35,42,"Feeding"
"636",35,43,"Feeding"
"637",35,46,"Feeding"
"638",35,49,"Feeding"
"639",35,50,"Feeding"
"640",35,51,"Feeding"
"641",35,52,"Feeding"
"642",35,53,"Feeding"
"643",35,54,"Feeding"
"644",35,55,"Feeding"
"645",35,56,"Feeding"
"646",35,57,"Feeding"
"647",35,58,"Feeding"
"648",35,59,"Feeding"
"649",35,60,"Feeding"
"650",35,61,"Feeding"
"651",35,62,"Feeding"
"652",35,63,"Feeding"
"653",35,64,"Feeding"
"654",35,105,"Feeding"
"655",35,106,"Feeding"
"656",35,107,"Feeding"
"657",35,108,"Feeding"
"658",35,109,"Feeding"
"659",36,24,"Feeding"
"660",36,25,"Feeding"
"661",36,41,"Feeding"
"662",36,42,"Feeding"
"663",36,43,"Feeding"
"664",36,46,"Feeding"
"665",36,49,"Feeding"
"666",36,50,"Feeding"
"667",36,51,"Feeding"
"668",36,52,"Feeding"
"669",36,53,"Feeding"
"670",36,54,"Feeding"
"671",36,55,"Feeding"
"672",36,56,"Feeding"
"673",36,57,"Feeding"
"674",36,58,"Feeding"
"675",36,59,"Feeding"
"676",36,60,"Feeding"
"677",36,61,"Feeding"
"678",36,62,"Feeding"
"679",36,63,"Feeding"
"680",36,64,"Feeding"
"681",36,105,"Feeding"
"682",36,106,"Feeding"
"683",36,107,"Feeding"
"684",36,108,"Feeding"
"685",36,109,"Feeding"
"686",37,24,"Feeding"
"687",37,25,"Feeding"
"688",37,41,"Feeding"
"689",37,42,"Feeding"
"690",37,43,"Feeding"
"691",37,46,"Feeding"
"692",37,49,"Feeding"
"693",37,50,"Feeding"
"694",37,51,"Feeding"
"695",37,52,"Feeding"
"696",37,53,"Feeding"
"697",37,54,"Feeding"
"698",37,55,"Feeding"
"699",37,56,"Feeding"
"700",37,57,"Feeding"
"701",37,58,"Feeding"
"702",37,59,"Feeding"
"703",37,60,"Feeding"
"704",37,61,"Feeding"
"705",37,62,"Feeding"
"706",37,63,"Feeding"
"707",37,64,"Feeding"
"708",37,105,"Feeding"
"709",37,106,"Feeding"
"710",37,107,"Feeding"
"711",37,108,"Feeding"
"712",37,109,"Feeding"
"713",38,24,"Feeding"
"714",38,25,"Feeding"
"715",38,41,"Feeding"
"716",38,42,"Feeding"
"717",38,43,"Feeding"
"718",38,46,"Feeding"
"719",38,49,"Feeding"
"720",38,50,"Feeding"
"721",38,51,"Feeding"
"722",38,52,"Feeding"
"723",38,53,"Feeding"
"724",38,54,"Feeding"
"725",38,55,"Feeding"
"726",38,56,"Feeding"
"727",38,57,"Feeding"
"728",38,58,"Feeding"
"729",38,59,"Feeding"
"730",38,60,"Feeding"
"731",38,61,"Feeding"
"732",38,62,"Feeding"
"733",38,63,"Feeding"
"734",38,64,"Feeding"
"735",38,105,"Feeding"
"736",38,106,"Feeding"
"737",38,107,"Feeding"
"738",38,108,"Feeding"
"739",38,109,"Feeding"
"740",39,26,"Feeding"
"741",39,41,"Feeding"
"742",39,42,"Feeding"
"743",39,43,"Feeding"
"744",39,49,"Feeding"
"745",39,50,"Feeding"
"746",39,51,"Feeding"
"747",39,52,"Feeding"
"748",39,53,"Feeding"
"749",39,62,"Feeding"
"750",39,63,"Feeding"
"751",40,26,"Feeding"
"752",40,41,"Feeding"
"753",40,42,"Feeding"
"754",40,43,"Feeding"
"755",40,49,"Feeding"
"756",40,50,"Feeding"
"757",40,51,"Feeding"
"758",40,52,"Feeding"
"759",40,53,"Feeding"
"760",40,62,"Feeding"
"761",40,63,"Feeding"
"762",41,26,"Feeding"
"763",41,49,"Feeding"
"764",41,50,"Feeding"
"765",41,51,"Feeding"
"766",41,52,"Feeding"
"767",41,53,"Feeding"
"768",41,61,"Feeding"
"769",41,62,"Feeding"
"770",41,63,"Feeding"
"771",41,127,"Feeding"
"772",41,128,"Feeding"
"773",41,129,"Feeding"
"774",41,130,"Feeding"
"775",41,131,"Feeding"
"776",41,132,"Feeding"
"777",41,133,"Feeding"
"778",42,26,"Feeding"
"779",42,49,"Feeding"
"780",42,50,"Feeding"
"781",42,51,"Feeding"
"782",42,52,"Feeding"
"783",42,53,"Feeding"
"784",42,61,"Feeding"
"785",42,62,"Feeding"
"786",42,63,"Feeding"
"787",42,127,"Feeding"
"788",42,128,"Feeding"
"789",42,129,"Feeding"
"790",42,130,"Feeding"
"791",42,131,"Feeding"
"792",42,132,"Feeding"
"793",42,133,"Feeding"
"794",43,49,"Feeding"
"795",43,50,"Feeding"
"796",43,51,"Feeding"
"797",43,52,"Feeding"
"798",43,53,"Feeding"
"799",43,61,"Feeding"
"800",43,62,"Feeding"
"801",43,63,"Feeding"
"802",43,127,"Feeding"
"803",43,128,"Feeding"
"804",43,129,"Feeding"
"805",43,130,"Feeding"
"806",43,131,"Feeding"
"807",43,132,"Feeding"
"808",43,133,"Feeding"
"809",44,134,"Feeding"
"810",44,135,"Feeding"
"811",45,134,"Feeding"
"812",45,135,"Feeding"
"813",47,120,"Feeding"
"814",47,121,"Feeding"
"815",47,122,"Feeding"
"816",47,123,"Feeding"
"817",47,124,"Feeding"
"818",47,125,"Feeding"
"819",47,126,"Feeding"
"820",47,134,"Feeding"
"821",47,135,"Feeding"
"822",48,120,"Feeding"
"823",48,121,"Feeding"
"824",48,122,"Feeding"
"825",48,123,"Feeding"
"826",48,124,"Feeding"
"827",48,125,"Feeding"
"828",48,126,"Feeding"
"829",48,134,"Feeding"
"830",48,135,"Feeding"
"831",49,64,"Feeding"
"832",49,127,"Feeding"
"833",49,128,"Feeding"
"834",49,129,"Feeding"
"835",50,64,"Feeding"
"836",50,127,"Feeding"
"837",50,128,"Feeding"
"838",50,129,"Feeding"
"839",51,64,"Feeding"
"840",51,127,"Feeding"
"841",51,128,"Feeding"
"842",51,129,"Feeding"
"843",52,127,"Feeding"
"844",52,128,"Feeding"
"845",52,129,"Feeding"
"846",52,130,"Feeding"
"847",52,131,"Feeding"
"848",52,132,"Feeding"
"849",52,133,"Feeding"
"850",53,127,"Feeding"
"851",53,128,"Feeding"
"852",53,129,"Feeding"
"853",53,130,"Feeding"
"854",53,131,"Feeding"
"855",53,132,"Feeding"
"856",53,133,"Feeding"
"857",54,64,"Feeding"
"858",54,120,"Feeding"
"859",54,121,"Feeding"
"860",54,122,"Feeding"
"861",54,123,"Feeding"
"862",54,124,"Feeding"
"863",54,125,"Feeding"
"864",54,126,"Feeding"
"865",54,127,"Feeding"
"866",54,128,"Feeding"
"867",54,129,"Feeding"
"868",54,130,"Feeding"
"869",54,131,"Feeding"
"870",54,132,"Feeding"
"871",54,133,"Feeding"
"872",54,134,"Feeding"
"873",54,135,"Feeding"
"874",55,64,"Feeding"
"875",55,127,"Feeding"
"876",55,128,"Feeding"
"877",55,129,"Feeding"
"878",56,64,"Feeding"
"879",56,127,"Feeding"
"880",56,128,"Feeding"
"881",56,129,"Feeding"
"882",57,64,"Feeding"
"883",57,127,"Feeding"
"884",57,128,"Feeding"
"885",57,129,"Feeding"
"886",58,127,"Feeding"
"887",58,128,"Feeding"
"888",58,129,"Feeding"
"889",59,127,"Feeding"
"890",59,128,"Feeding"
"891",59,129,"Feeding"
"892",60,47,"Feeding"
"893",60,48,"Feeding"
"894",60,55,"Feeding"
"895",60,56,"Feeding"
"896",60,57,"Feeding"
"897",60,64,"Feeding"
"898",60,127,"Feeding"
"899",60,128,"Feeding"
"900",60,129,"Feeding"
"901",61,44,"Feeding"
"902",61,45,"Feeding"
"903",61,47,"Feeding"
"904",61,48,"Feeding"
"905",61,49,"Feeding"
"906",61,50,"Feeding"
"907",61,51,"Feeding"
"908",61,52,"Feeding"
"909",61,53,"Feeding"
"910",61,55,"Feeding"
"911",61,56,"Feeding"
"912",61,57,"Feeding"
"913",61,120,"Feeding"
"914",61,121,"Feeding"
"915",61,122,"Feeding"
"916",61,123,"Feeding"
"917",61,124,"Feeding"
"918",61,125,"Feeding"
"919",61,126,"Feeding"
"920",61,127,"Feeding"
"921",61,128,"Feeding"
"922",61,129,"Feeding"
"923",62,64,"Feeding"
"924",63,64,"Feeding"
"925",65,24,"Feeding"
"926",65,25,"Feeding"
"927",65,41,"Feeding"
"928",65,42,"Feeding"
"929",65,43,"Feeding"
"930",65,73,"Feeding"
"931",65,74,"Feeding"
"932",65,75,"Feeding"
"933",65,76,"Feeding"
"934",65,77,"Feeding"
"935",65,78,"Feeding"
"936",65,79,"Feeding"
"937",65,80,"Feeding"
"938",65,81,"Feeding"
"939",65,82,"Feeding"
"940",65,83,"Feeding"
"941",65,84,"Feeding"
"942",65,85,"Feeding"
"943",65,86,"Feeding"
"944",65,87,"Feeding"
"945",65,88,"Feeding"
"946",65,105,"Feeding"
"947",65,106,"Feeding"
"948",65,107,"Feeding"
"949",65,108,"Feeding"
"950",65,109,"Feeding"
"951",65,117,"Feeding"
"952",65,118,"Feeding"
"953",65,119,"Feeding"
"954",65,136,"Feeding"
"955",66,24,"Feeding"
"956",66,25,"Feeding"
"957",66,41,"Feeding"
"958",66,42,"Feeding"
"959",66,43,"Feeding"
"960",66,73,"Feeding"
"961",66,74,"Feeding"
"962",66,75,"Feeding"
"963",66,76,"Feeding"
"964",66,77,"Feeding"
"965",66,78,"Feeding"
"966",66,79,"Feeding"
"967",66,80,"Feeding"
"968",66,81,"Feeding"
"969",66,82,"Feeding"
"970",66,83,"Feeding"
"971",66,84,"Feeding"
"972",66,85,"Feeding"
"973",66,86,"Feeding"
"974",66,87,"Feeding"
"975",66,88,"Feeding"
"976",66,105,"Feeding"
"977",66,106,"Feeding"
"978",66,107,"Feeding"
"979",66,108,"Feeding"
"980",66,109,"Feeding"
"981",66,117,"Feeding"
"982",66,118,"Feeding"
"983",66,119,"Feeding"
"984",66,136,"Feeding"
"985",67,24,"Feeding"
"986",67,25,"Feeding"
"987",67,41,"Feeding"
"988",67,42,"Feeding"
"989",67,43,"Feeding"
"990",67,73,"Feeding"
"991",67,74,"Feeding"
"992",67,75,"Feeding"
"993",67,76,"Feeding"
"994",67,77,"Feeding"
"995",67,78,"Feeding"
"996",67,79,"Feeding"
"997",67,80,"Feeding"
"998",67,81,"Feeding"
"999",67,82,"Feeding"
"1000",67,83,"Feeding"
"1001",67,84,"Feeding"
"1002",67,85,"Feeding"
"1003",67,86,"Feeding"
"1004",67,87,"Feeding"
"1005",67,88,"Feeding"
"1006",67,105,"Feeding"
"1007",67,106,"Feeding"
"1008",67,107,"Feeding"
"1009",67,108,"Feeding"
"1010",67,109,"Feeding"
"1011",67,117,"Feeding"
"1012",67,118,"Feeding"
"1013",67,119,"Feeding"
"1014",67,136,"Feeding"
"1015",68,24,"Feeding"
"1016",68,25,"Feeding"
"1017",68,41,"Feeding"
"1018",68,42,"Feeding"
"1019",68,43,"Feeding"
"1020",68,73,"Feeding"
"1021",68,74,"Feeding"
"1022",68,75,"Feeding"
"1023",68,76,"Feeding"
"1024",68,77,"Feeding"
"1025",68,78,"Feeding"
"1026",68,79,"Feeding"
"1027",68,80,"Feeding"
"1028",68,81,"Feeding"
"1029",68,82,"Feeding"
"1030",68,83,"Feeding"
"1031",68,84,"Feeding"
"1032",68,85,"Feeding"
"1033",68,86,"Feeding"
"1034",68,87,"Feeding"
"1035",68,88,"Feeding"
"1036",68,105,"Feeding"
"1037",68,106,"Feeding"
"1038",68,107,"Feeding"
"1039",68,108,"Feeding"
"1040",68,109,"Feeding"
"1041",68,117,"Feeding"
"1042",68,118,"Feeding"
"1043",68,119,"Feeding"
"1044",68,136,"Feeding"
"1045",69,24,"Feeding"
"1046",69,25,"Feeding"
"1047",69,41,"Feeding"
"1048",69,42,"Feeding"
"1049",69,43,"Feeding"
"1050",69,73,"Feeding"
"1051",69,74,"Feeding"
"1052",69,75,"Feeding"
"1053",69,76,"Feeding"
"1054",69,77,"Feeding"
"1055",69,78,"Feeding"
"1056",69,79,"Feeding"
"1057",69,80,"Feeding"
"1058",69,81,"Feeding"
"1059",69,82,"Feeding"
"1060",69,83,"Feeding"
"1061",69,84,"Feeding"
"1062",69,85,"Feeding"
"1063",69,86,"Feeding"
"1064",69,87,"Feeding"
"1065",69,88,"Feeding"
"1066",69,105,"Feeding"
"1067",69,106,"Feeding"
"1068",69,107,"Feeding"
"1069",69,108,"Feeding"
"1070",69,109,"Feeding"
"1071",69,117,"Feeding"
"1072",69,118,"Feeding"
"1073",69,119,"Feeding"
"1074",69,136,"Feeding"
"1075",70,24,"Feeding"
"1076",70,25,"Feeding"
"1077",70,41,"Feeding"
"1078",70,42,"Feeding"
"1079",70,43,"Feeding"
"1080",70,73,"Feeding"
"1081",70,74,"Feeding"
"1082",70,75,"Feeding"
"1083",70,76,"Feeding"
"1084",70,77,"Feeding"
"1085",70,78,"Feeding"
"1086",70,79,"Feeding"
"1087",70,80,"Feeding"
"1088",70,81,"Feeding"
"1089",70,82,"Feeding"
"1090",70,83,"Feeding"
"1091",70,84,"Feeding"
"1092",70,85,"Feeding"
"1093",70,86,"Feeding"
"1094",70,87,"Feeding"
"1095",70,88,"Feeding"
"1096",70,105,"Feeding"
"1097",70,106,"Feeding"
"1098",70,107,"Feeding"
"1099",70,108,"Feeding"
"1100",70,109,"Feeding"
"1101",70,117,"Feeding"
"1102",70,118,"Feeding"
"1103",70,119,"Feeding"
"1104",70,136,"Feeding"
"1105",71,24,"Feeding"
"1106",71,25,"Feeding"
"1107",71,41,"Feeding"
"1108",71,42,"Feeding"
"1109",71,43,"Feeding"
"1110",71,73,"Feeding"
"1111",71,74,"Feeding"
"1112",71,75,"Feeding"
"1113",71,76,"Feeding"
"1114",71,77,"Feeding"
"1115",71,78,"Feeding"
"1116",71,79,"Feeding"
"1117",71,80,"Feeding"
"1118",71,81,"Feeding"
"1119",71,82,"Feeding"
"1120",71,83,"Feeding"
"1121",71,84,"Feeding"
"1122",71,85,"Feeding"
"1123",71,86,"Feeding"
"1124",71,87,"Feeding"
"1125",71,88,"Feeding"
"1126",71,105,"Feeding"
"1127",71,106,"Feeding"
"1128",71,107,"Feeding"
"1129",71,108,"Feeding"
"1130",71,109,"Feeding"
"1131",71,117,"Feeding"
"1132",71,118,"Feeding"
"1133",71,119,"Feeding"
"1134",71,136,"Feeding"
"1135",72,24,"Feeding"
"1136",72,25,"Feeding"
"1137",72,41,"Feeding"
"1138",72,42,"Feeding"
"1139",72,43,"Feeding"
"1140",72,73,"Feeding"
"1141",72,74,"Feeding"
"1142",72,75,"Feeding"
"1143",72,76,"Feeding"
"1144",72,77,"Feeding"
"1145",72,78,"Feeding"
"1146",72,79,"Feeding"
"1147",72,80,"Feeding"
"1148",72,81,"Feeding"
"1149",72,82,"Feeding"
"1150",72,83,"Feeding"
"1151",72,84,"Feeding"
"1152",72,85,"Feeding"
"1153",72,86,"Feeding"
"1154",72,87,"Feeding"
"1155",72,88,"Feeding"
"1156",72,105,"Feeding"
"1157",72,106,"Feeding"
"1158",72,107,"Feeding"
"1159",72,108,"Feeding"
"1160",72,109,"Feeding"
"1161",72,117,"Feeding"
"1162",72,118,"Feeding"
"1163",72,119,"Feeding"
"1164",72,136,"Feeding"
"1165",89,117,"Feeding"
"1166",89,118,"Feeding"
"1167",89,119,"Feeding"
"1168",90,117,"Feeding"
"1169",90,118,"Feeding"
"1170",90,119,"Feeding"
"1171",91,117,"Feeding"
"1172",91,118,"Feeding"
"1173",91,119,"Feeding"
"1174",92,117,"Feeding"
"1175",92,118,"Feeding"
"1176",92,119,"Feeding"
"1177",93,73,"Feeding"
"1178",93,74,"Feeding"
"1179",93,75,"Feeding"
"1180",93,76,"Feeding"
"1181",93,77,"Feeding"
"1182",93,78,"Feeding"
"1183",93,79,"Feeding"
"1184",93,80,"Feeding"
"1185",93,81,"Feeding"
"1186",93,82,"Feeding"
"1187",93,83,"Feeding"
"1188",93,84,"Feeding"
"1189",93,85,"Feeding"
"1190",93,86,"Feeding"
"1191",93,87,"Feeding"
"1192",93,88,"Feeding"
"1193",93,117,"Feeding"
"1194",93,118,"Feeding"
"1195",93,119,"Feeding"
"1196",94,73,"Feeding"
"1197",94,74,"Feeding"
"1198",94,75,"Feeding"
"1199",94,76,"Feeding"
"1200",94,77,"Feeding"
"1201",94,78,"Feeding"
"1202",94,79,"Feeding"
"1203",94,80,"Feeding"
"1204",94,81,"Feeding"
"1205",94,82,"Feeding"
"1206",94,83,"Feeding"
"1207",94,84,"Feeding"
"1208",94,85,"Feeding"
"1209",94,86,"Feeding"
"1210",94,87,"Feeding"
"1211",94,88,"Feeding"
"1212",94,117,"Feeding"
"1213",94,118,"Feeding"
"1214",94,119,"Feeding"
"1215",95,24,"Feeding"
"1216",95,25,"Feeding"
"1217",95,41,"Feeding"
"1218",95,42,"Feeding"
"1219",95,43,"Feeding"
"1220",95,44,"Feeding"
"1221",95,45,"Feeding"
"1222",95,52,"Feeding"
"1223",95,53,"Feeding"
"1224",95,60,"Feeding"
"1225",95,61,"Feeding"
"1226",95,62,"Feeding"
"1227",95,63,"Feeding"
"1228",95,64,"Feeding"
"1229",95,117,"Feeding"
"1230",95,118,"Feeding"
"1231",95,119,"Feeding"
"1232",96,24,"Feeding"
"1233",96,25,"Feeding"
"1234",96,41,"Feeding"
"1235",96,42,"Feeding"
"1236",96,43,"Feeding"
"1237",96,44,"Feeding"
"1238",96,45,"Feeding"
"1239",96,52,"Feeding"
"1240",96,53,"Feeding"
"1241",96,60,"Feeding"
"1242",96,61,"Feeding"
"1243",96,62,"Feeding"
"1244",96,63,"Feeding"
"1245",96,64,"Feeding"
"1246",96,117,"Feeding"
"1247",96,118,"Feeding"
"1248",96,119,"Feeding"
"1249",97,24,"Feeding"
"1250",97,25,"Feeding"
"1251",97,41,"Feeding"
"1252",97,42,"Feeding"
"1253",97,43,"Feeding"
"1254",97,44,"Feeding"
"1255",97,45,"Feeding"
"1256",97,52,"Feeding"
"1257",97,53,"Feeding"
"1258",97,60,"Feeding"
"1259",97,61,"Feeding"
"1260",97,62,"Feeding"
"1261",97,63,"Feeding"
"1262",97,64,"Feeding"
"1263",97,117,"Feeding"
"1264",97,118,"Feeding"
"1265",97,119,"Feeding"
"1266",98,24,"Feeding"
"1267",98,25,"Feeding"
"1268",98,41,"Feeding"
"1269",98,42,"Feeding"
"1270",98,43,"Feeding"
"1271",98,44,"Feeding"
"1272",98,45,"Feeding"
"1273",98,52,"Feeding"
"1274",98,53,"Feeding"
"1275",98,60,"Feeding"
"1276",98,61,"Feeding"
"1277",98,62,"Feeding"
"1278",98,63,"Feeding"
"1279",98,64,"Feeding"
"1280",98,117,"Feeding"
"1281",98,118,"Feeding"
"1282",98,119,"Feeding"
"1283",99,24,"Feeding"
"1284",99,25,"Feeding"
"1285",99,41,"Feeding"
"1286",99,42,"Feeding"
"1287",99,43,"Feeding"
"1288",99,44,"Feeding"
"1289",99,45,"Feeding"
"1290",99,52,"Feeding"
"1291",99,53,"Feeding"
"1292",99,60,"Feeding"
"1293",99,61,"Feeding"
"1294",99,62,"Feeding"
"1295",99,63,"Feeding"
"1296",99,64,"Feeding"
"1297",99,117,"Feeding"
"1298",99,118,"Feeding"
"1299",99,119,"Feeding"
"1300",100,24,"Feeding"
"1301",100,25,"Feeding"
"1302",100,41,"Feeding"
"1303",100,42,"Feeding"
"1304",100,43,"Feeding"
"1305",100,44,"Feeding"
"1306",100,45,"Feeding"
"1307",100,52,"Feeding"
"1308",100,53,"Feeding"
"1309",100,60,"Feeding"
"1310",100,61,"Feeding"
"1311",100,62,"Feeding"
"1312",100,63,"Feeding"
"1313",100,64,"Feeding"
"1314",100,117,"Feeding"
"1315",100,118,"Feeding"
"1316",100,119,"Feeding"
"1317",101,24,"Feeding"
"1318",101,25,"Feeding"
"1319",101,41,"Feeding"
"1320",101,42,"Feeding"
"1321",101,43,"Feeding"
"1322",101,44,"Feeding"
"1323",101,45,"Feeding"
"1324",101,52,"Feeding"
"1325",101,53,"Feeding"
"1326",101,60,"Feeding"
"1327",101,61,"Feeding"
"1328",101,62,"Feeding"
"1329",101,63,"Feeding"
"1330",101,64,"Feeding"
"1331",101,117,"Feeding"
"1332",101,118,"Feeding"
"1333",101,119,"Feeding"
"1334",102,24,"Feeding"
"1335",102,25,"Feeding"
"1336",102,41,"Feeding"
"1337",102,42,"Feeding"
"1338",102,43,"Feeding"
"1339",102,44,"Feeding"
"1340",102,45,"Feeding"
"1341",102,52,"Feeding"
"1342",102,53,"Feeding"
"1343",102,60,"Feeding"
"1344",102,61,"Feeding"
"1345",102,62,"Feeding"
"1346",102,63,"Feeding"
"1347",102,64,"Feeding"
"1348",102,117,"Feeding"
"1349",102,118,"Feeding"
"1350",102,119,"Feeding"
"1351",103,24,"Feeding"
"1352",103,25,"Feeding"
"1353",103,41,"Feeding"
"1354",103,42,"Feeding"
"1355",103,43,"Feeding"
"1356",103,44,"Feeding"
"1357",103,45,"Feeding"
"1358",103,52,"Feeding"
"1359",103,53,"Feeding"
"1360",103,60,"Feeding"
"1361",103,61,"Feeding"
"1362",103,62,"Feeding"
"1363",103,63,"Feeding"
"1364",103,64,"Feeding"
"1365",103,117,"Feeding"
"1366",103,118,"Feeding"
"1367",103,119,"Feeding"
"1368",104,24,"Feeding"
"1369",104,25,"Feeding"
"1370",104,41,"Feeding"
"1371",104,42,"Feeding"
"1372",104,43,"Feeding"
"1373",104,44,"Feeding"
"1374",104,45,"Feeding"
"1375",104,52,"Feeding"
"1376",104,53,"Feeding"
"1377",104,60,"Feeding"
"1378",104,61,"Feeding"
"1379",104,62,"Feeding"
"1380",104,63,"Feeding"
"1381",104,64,"Feeding"
"1382",104,117,"Feeding"
"1383",104,118,"Feeding"
"1384",104,119,"Feeding"
"1385",105,24,"Feeding"
"1386",105,25,"Feeding"
"1387",105,41,"Feeding"
"1388",105,42,"Feeding"
"1389",105,43,"Feeding"
"1390",105,52,"Feeding"
"1391",105,53,"Feeding"
"1392",105,60,"Feeding"
"1393",105,61,"Feeding"
"1394",105,62,"Feeding"
"1395",105,63,"Feeding"
"1396",105,64,"Feeding"
"1397",105,117,"Feeding"
"1398",105,118,"Feeding"
"1399",105,119,"Feeding"
"1400",106,24,"Feeding"
"1401",106,25,"Feeding"
"1402",106,41,"Feeding"
"1403",106,42,"Feeding"
"1404",106,43,"Feeding"
"1405",106,52,"Feeding"
"1406",106,53,"Feeding"
"1407",106,60,"Feeding"
"1408",106,61,"Feeding"
"1409",106,62,"Feeding"
"1410",106,63,"Feeding"
"1411",106,64,"Feeding"
"1412",106,117,"Feeding"
"1413",106,118,"Feeding"
"1414",106,119,"Feeding"
"1415",107,24,"Feeding"
"1416",107,25,"Feeding"
"1417",107,41,"Feeding"
"1418",107,42,"Feeding"
"1419",107,43,"Feeding"
"1420",107,52,"Feeding"
"1421",107,53,"Feeding"
"1422",107,60,"Feeding"
"1423",107,61,"Feeding"
"1424",107,62,"Feeding"
"1425",107,63,"Feeding"
"1426",107,64,"Feeding"
"1427",107,117,"Feeding"
"1428",107,118,"Feeding"
"1429",107,119,"Feeding"
"1430",108,24,"Feeding"
"1431",108,25,"Feeding"
"1432",108,41,"Feeding"
"1433",108,42,"Feeding"
"1434",108,43,"Feeding"
"1435",108,52,"Feeding"
"1436",108,53,"Feeding"
"1437",108,60,"Feeding"
"1438",108,61,"Feeding"
"1439",108,62,"Feeding"
"1440",108,63,"Feeding"
"1441",108,64,"Feeding"
"1442",108,117,"Feeding"
"1443",108,118,"Feeding"
"1444",108,119,"Feeding"
"1445",109,24,"Feeding"
"1446",109,25,"Feeding"
"1447",109,41,"Feeding"
"1448",109,42,"Feeding"
"1449",109,43,"Feeding"
"1450",109,52,"Feeding"
"1451",109,53,"Feeding"
"1452",109,60,"Feeding"
"1453",109,61,"Feeding"
"1454",109,62,"Feeding"
"1455",109,63,"Feeding"
"1456",109,64,"Feeding"
"1457",109,117,"Feeding"
"1458",109,118,"Feeding"
"1459",109,119,"Feeding"
"1460",110,41,"Feeding"
"1461",110,42,"Feeding"
"1462",110,43,"Feeding"
"1463",110,52,"Feeding"
"1464",110,53,"Feeding"
"1465",110,60,"Feeding"
"1466",110,61,"Feeding"
"1467",110,64,"Feeding"
"1468",110,117,"Feeding"
"1469",110,118,"Feeding"
"1470",110,119,"Feeding"
"1471",111,41,"Feeding"
"1472",111,42,"Feeding"
"1473",111,43,"Feeding"
"1474",111,52,"Feeding"
"1475",111,53,"Feeding"
"1476",111,60,"Feeding"
"1477",111,61,"Feeding"
"1478",111,64,"Feeding"
"1479",111,117,"Feeding"
"1480",111,118,"Feeding"
"1481",111,119,"Feeding"
"1482",112,49,"Feeding"
"1483",112,50,"Feeding"
"1484",112,51,"Feeding"
"1485",112,54,"Feeding"
"1486",112,55,"Feeding"
"1487",112,56,"Feeding"
"1488",112,57,"Feeding"
"1489",112,58,"Feeding"
"1490",112,59,"Feeding"
"1491",112,60,"Feeding"
"1492",112,61,"Feeding"
"1493",112,62,"Feeding"
"1494",112,63,"Feeding"
"1495",112,110,"Feeding"
"1496",112,111,"Feeding"
"1497",113,49,"Feeding"
"1498",113,50,"Feeding"
"1499",113,51,"Feeding"
"1500",113,54,"Feeding"
"1501",113,55,"Feeding"
"1502",113,56,"Feeding"
"1503",113,57,"Feeding"
"1504",113,58,"Feeding"
"1505",113,59,"Feeding"
"1506",113,60,"Feeding"
"1507",113,61,"Feeding"
"1508",113,62,"Feeding"
"1509",113,63,"Feeding"
"1510",113,110,"Feeding"
"1511",113,111,"Feeding"
"1512",114,49,"Feeding"
"1513",114,50,"Feeding"
"1514",114,51,"Feeding"
"1515",114,54,"Feeding"
"1516",114,55,"Feeding"
"1517",114,56,"Feeding"
"1518",114,57,"Feeding"
"1519",114,58,"Feeding"
"1520",114,59,"Feeding"
"1521",114,60,"Feeding"
"1522",114,61,"Feeding"
"1523",114,62,"Feeding"
"1524",114,63,"Feeding"
"1525",114,110,"Feeding"
"1526",114,111,"Feeding"
"1527",115,49,"Feeding"
"1528",115,50,"Feeding"
"1529",115,51,"Feeding"
"1530",115,54,"Feeding"
"1531",115,55,"Feeding"
"1532",115,56,"Feeding"
"1533",115,57,"Feeding"
"1534",115,58,"Feeding"
"1535",115,59,"Feeding"
"1536",115,60,"Feeding"
"1537",115,61,"Feeding"
"1538",115,62,"Feeding"
"1539",115,63,"Feeding"
"1540",115,110,"Feeding"
"1541",115,111,"Feeding"
"1542",116,49,"Feeding"
"1543",116,50,"Feeding"
"1544",116,51,"Feeding"
"1545",116,54,"Feeding"
"1546",116,55,"Feeding"
"1547",116,56,"Feeding"
"1548",116,57,"Feeding"
"1549",116,58,"Feeding"
"1550",116,59,"Feeding"
"1551",116,60,"Feeding"
"1552",116,61,"Feeding"
"1553",116,62,"Feeding"
"1554",116,63,"Feeding"
"1555",116,110,"Feeding"
"1556",116,111,"Feeding"
"1557",137,6,"Feeding"
"1558",137,7,"Feeding"
"1559",137,8,"Feeding"
"1560",137,9,"Feeding"
"1561",137,10,"Feeding"
"1562",137,11,"Feeding"
"1563",137,12,"Feeding"
"1564",137,13,"Feeding"
"1565",137,14,"Feeding"
"1566",137,15,"Feeding"
"1567",137,16,"Feeding"
"1568",137,23,"Feeding"
"1569",137,24,"Feeding"
"1570",137,25,"Feeding"
"1571",137,26,"Feeding"
"1572",137,27,"Feeding"
"1573",137,28,"Feeding"
"1574",137,29,"Feeding"
"1575",137,39,"Feeding"
"1576",137,40,"Feeding"
"1577",137,41,"Feeding"
"1578",137,42,"Feeding"
"1579",137,43,"Feeding"
"1580",137,44,"Feeding"
"1581",137,45,"Feeding"
"1582",137,136,"Feeding"
"1583",138,6,"Feeding"
"1584",138,7,"Feeding"
"1585",138,8,"Feeding"
"1586",138,9,"Feeding"
"1587",138,10,"Feeding"
"1588",138,11,"Feeding"
"1589",138,12,"Feeding"
"1590",138,13,"Feeding"
"1591",138,14,"Feeding"
"1592",138,15,"Feeding"
"1593",138,16,"Feeding"
"1594",138,23,"Feeding"
"1595",138,24,"Feeding"
"1596",138,25,"Feeding"
"1597",138,27,"Feeding"
"1598",138,28,"Feeding"
"1599",138,29,"Feeding"
"1600",138,39,"Feeding"
"1601",138,40,"Feeding"
"1602",138,41,"Feeding"
"1603",138,42,"Feeding"
"1604",138,43,"Feeding"
"1605",138,89,"Feeding"
"1606",138,90,"Feeding"
"1607",138,91,"Feeding"
"1608",138,92,"Feeding"
"1609",138,93,"Feeding"
"1610",138,94,"Feeding"
"1611",138,136,"Feeding"
"1612",139,3,"Feeding"
"1613",139,54,"Feeding"
"1614",139,55,"Feeding"
"1615",139,56,"Feeding"
"1616",139,57,"Feeding"
"1617",140,2,"Feeding"
"1618",140,6,"Feeding"
"1619",140,7,"Feeding"
"1620",140,8,"Feeding"
"1621",140,9,"Feeding"
"1622",140,10,"Feeding"
"1623",140,11,"Feeding"
"1624",140,12,"Feeding"
"1625",140,13,"Feeding"
"1626",140,14,"Feeding"
"1627",140,15,"Feeding"
"1628",140,16,"Feeding"
"1629",140,22,"Feeding"
"1630",140,23,"Feeding"
"1631",140,30,"Feeding"
"1632",140,31,"Feeding"
"1633",140,32,"Feeding"
"1634",140,33,"Feeding"
"1635",140,34,"Feeding"
"1636",140,35,"Feeding"
"1637",140,36,"Feeding"
"1638",140,37,"Feeding"
"1639",140,38,"Feeding"
"1640",140,54,"Feeding"
"1641",140,60,"Feeding"
"1642",140,61,"Feeding"
"1643",140,62,"Feeding"
"1644",140,63,"Feeding"
"1645",140,65,"Feeding"
"1646",140,66,"Feeding"
"1647",140,67,"Feeding"
"1648",140,68,"Feeding"
"1649",140,69,"Feeding"
"1650",140,70,"Feeding"
"1651",140,71,"Feeding"
"1652",140,72,"Feeding"
"1653",140,95,"Feeding"
"1654",140,96,"Feeding"
"1655",140,97,"Feeding"
"1656",140,98,"Feeding"
"1657",140,99,"Feeding"
"1658",140,100,"Feeding"
"1659",140,101,"Feeding"
"1660",140,102,"Feeding"
"1661",140,103,"Feeding"
"1662",140,104,"Feeding"
"1663",141,3,"Feeding"
"1664",141,4,"Feeding"
"1665",141,5,"Feeding"
"1666",141,17,"Feeding"
"1667",141,18,"Feeding"
"1668",141,19,"Feeding"
"1669",141,20,"Feeding"
"1670",141,21,"Feeding"
"1671",141,52,"Feeding"
"1672",141,53,"Feeding"
"1673",141,112,"Feeding"
"1674",141,113,"Feeding"
"1675",141,114,"Feeding"
"1676",141,115,"Feeding"
"1677",141,116,"Feeding"
"1678",47,1300,"ES"
"1679",64,1300,"ES"
"1680",45,1300,"ES"
"1681",26,1300,"ES"
"1682",58,1300,"ES"
"1683",59,1300,"ES"
"1684",47,1000,"ES"
"1685",26,1000,"ES"
"1686",22,1300,"ES"
"1687",124,1200,"ES"
"1688",127,1200,"ES"
"1689",136,1200,"ES"
"1690",118,1200,"ES"
"1691",140,700,"ES"
"1692",140,800,"ES"
"1693",111,700,"ES"
"1694",137,700,"ES"
"1695",137,600,"ES"
"1696",140,600,"ES"
"1697",17,900,"ES"
"1698",18,900,"ES"
"1699",19,900,"ES"
"1700",20,900,"ES"
"1701",21,900,"ES"
"1702",95,900,"ES"
"1703",140,900,"ES"
"1704",111,900,"ES"
"1705",141,800,"ES"
"1706",1,800,"ES"
"1707",2,800,"ES"
"1708",3,800,"ES"
"1709",4,800,"ES"
"1710",5,800,"ES"
"1711",17,800,"ES"
"1712",18,800,"ES"
"1713",19,800,"ES"
"1714",20,800,"ES"
"1715",21,800,"ES"
"1716",22,800,"ES"
"1717",23,800,"ES"
"1718",24,800,"ES"
"1719",26,800,"ES"
"1720",40,800,"ES"
"1721",45,800,"ES"
"1722",46,800,"ES"
"1723",47,800,"ES"
"1724",48,800,"ES"
"1725",49,800,"ES"
"1726",50,800,"ES"
"1727",51,800,"ES"
"1728",52,800,"ES"
"1729",53,800,"ES"
"1730",54,800,"ES"
"1731",55,800,"ES"
"1732",56,800,"ES"
"1733",57,800,"ES"
"1734",58,800,"ES"
"1735",59,800,"ES"
"1736",60,800,"ES"
"1737",61,800,"ES"
"1738",62,800,"ES"
"1739",63,800,"ES"
"1740",64,800,"ES"
"1741",95,800,"ES"
"1742",96,800,"ES"
"1743",97,800,"ES"
"1744",98,800,"ES"
"1745",99,800,"ES"
"1746",100,800,"ES"
"1747",101,800,"ES"
"1748",102,800,"ES"
"1749",103,800,"ES"
"1750",104,800,"ES"
"1751",105,800,"ES"
"1752",106,800,"ES"
"1753",107,800,"ES"
"1754",108,800,"ES"
"1755",109,800,"ES"
"1756",110,800,"ES"
"1757",111,800,"ES"
"1758",65,800,"ES"
"1759",68,800,"ES"
"1760",78,800,"ES"
"1761",69,800,"ES"
"1762",70,800,"ES"
"1763",71,800,"ES"
"1764",72,800,"ES"
"1765",73,800,"ES"
"1766",74,800,"ES"
"1767",75,800,"ES"
"1768",79,800,"ES"
"1769",80,800,"ES"
"1770",81,800,"ES"
"1771",82,800,"ES"
"1772",84,800,"ES"
"1773",85,800,"ES"
"1774",92,800,"ES"
"1775",93,800,"ES"
"1776",94,800,"ES"
"1777",137,800,"ES"
